address,amount,reasonCode
0xd5Ff4A4458BC8d2684A452C0C57531731410F3f4,151162,YieldEDU_sem_3
0xBfCdC2f21dfD9Ac76beb1f986E156ee73c93f889,86762,YieldEDU_sem_3
0xC45CD31c4B09a16B294e66aC73c89D4f70bEe349,77273,YieldEDU_sem_3
0x0209982066a02dD4968b82Ddd8833195b95cc8db,72710,YieldEDU_sem_3
0x6B855dCe6C4b644Fc8438eEa2C79fc93C30C211c,68045,YieldEDU_sem_3
0xB875F61b76b90dc4a01f12991aF4f611e418ce93,62394,YieldEDU_sem_3
0xe2d57320b62a8cA760338CB38B1A6ece4B7adc39,52763,YieldEDU_sem_3
0x5222DF4a999F3D03efD00d010233Bac76C16B586,46265,YieldEDU_sem_3
0x851418f4C60589f9F84Dc73db12275860A27ae7f,36603,YieldEDU_sem_3
0xDa5F504382A1A147c1bd81e640eA5FfA7280AF79,35453,YieldEDU_sem_3
0x0452B119a96dc377c9804C5abf318fd30B1B5465,35428,YieldEDU_sem_3
0xD25cb4970c9C09975200EBf083511453a3F91BE9,35236,YieldEDU_sem_3
0x749Aff193D662ad6BeC9f6dAA2492d4223CfEA54,34731,YieldEDU_sem_3
0x4FC203b0b94016CE4dE787495F88d14827C55e75,34461,YieldEDU_sem_3
0x8301B3525884d848a154632c2A6a075F469DA4d3,33962,YieldEDU_sem_3
0x0a9fD20fc663CC9afA28699959965a2A2dc5aaE3,32468,YieldEDU_sem_3
0xC342B60228a044163D0972cA5536f2A9b5199d41,32067,YieldEDU_sem_3
0x39f4DA389fEF57165BD470Eb422c755e271F785B,30809,YieldEDU_sem_3
0x6B1746AfF649B1575916A7Fa0697c2a694ed8244,27030,YieldEDU_sem_3
0xdd6477C387708EcE5a43A643fC8d76488C55c6D7,25483,YieldEDU_sem_3
0xBaD941fb6C539643043854cE8e6320682A99f5E3,24318,YieldEDU_sem_3
0x986360f84b9e114d89b17e1945e60B5C8703CbB0,23891,YieldEDU_sem_3
0x6E2218f25Fd13db788DceeebfD1525270BEe96D4,22488,YieldEDU_sem_3
0x4d41c26e25F1826215905713c412bA9Eabcc6402,18481,YieldEDU_sem_3
0x0e503284945508b29091651556F82003b3c6B8CF,17627,YieldEDU_sem_3
0x0AaD398EFc545546c66ea14a0DA6B1e7e153F9f0,16038,YieldEDU_sem_3
0x93817fe33D390a49F35B940Fa8ec0D781f4C505e,15562,YieldEDU_sem_3
0x84AC2aCbF92Dc935E0610830810Ff341931b8749,14856,YieldEDU_sem_3
0xE6a19c89d6fADCc83230c4BaF0D9E33CE9b38710,13704,YieldEDU_sem_3
0x6A09bc42c189D047B28ce04D1eA011501a4E9Ad5,11365,YieldEDU_sem_3
0xe37e217d6a30d6Fb685eF9E5e435Eef748EB7eDa,11364,YieldEDU_sem_3
0x15C2D3a7005Ef6C266d779CB70D83dB76c32D1F9,10907,YieldEDU_sem_3
0x5e8e66dF40E58f3a96142aCA5329575E5f638E75,10648,YieldEDU_sem_3
0x110eD35e28084e3619E9F9af3e4994Fe659BD138,10434,YieldEDU_sem_3
0xbc5A18F05639B5814f12FBDfD0D4C4d7632e8921,10155,YieldEDU_sem_3
0x0A1d722d3e7C9bb09B40C1b598D1e88791896225,9226,YieldEDU_sem_3
0x38E96F3783d5595E6Be607dcaDefe369A8672850,8904,YieldEDU_sem_3
0xc7c37c802547f0A0B4Dc16c1dCb5ec19ca606116,8317,YieldEDU_sem_3
0x34EdeED81a89381001e320AAd5b39f4224809C3D,7540,YieldEDU_sem_3
0x415Dcd7c9f4954595cc5479c74f0F4c4c986df02,7471,YieldEDU_sem_3
0x9A182C2B2b141F43f72b3b5a282f627A0d96C5Bc,7405,YieldEDU_sem_3
0x309Bd9887Cc1BaE1C137e30b9C282473855eD1a6,7223,YieldEDU_sem_3
0x752C306b092A7AFb95cd34e73032aE458BEa00B2,7167,YieldEDU_sem_3
0x8D0739d9D0d49aFCF8d101416cD2759Bf8922013,6761,YieldEDU_sem_3
0xe78450034b19E97E42d5b14b425d6e2d4E93703F,6669,YieldEDU_sem_3
0x4c44a38c15086F173C3a4454658Aa48f687F4f25,6662,YieldEDU_sem_3
0xcbd8379f584A017840631Be74Bb8e45F6436c6Ca,6661,YieldEDU_sem_3
0x3a69CA32BbBec61C7214039284b8aC65a24bdf19,6661,YieldEDU_sem_3
0xe9fA511761f1245c7e41B9c7B0317934519d1786,6623,YieldEDU_sem_3
0x154D6A9Ebb7b9A1d437276C531531aE903f2F178,6486,YieldEDU_sem_3
0x48E61f885430dA6C5776325D1f1D1e4a77c92280,6396,YieldEDU_sem_3
0x8dF38138d5cda4Df15E600Cbb36ea4FC2496C90D,6341,YieldEDU_sem_3
0x46559eD2F42B7f5221340A7d0eD3F14F03D30732,6328,YieldEDU_sem_3
0xc3bB76c61De54D7E9DF0B5E864e42BAcFf43B98d,6305,YieldEDU_sem_3
0xAb4aF4fB0a12233A919Ac8839e93E1Ad2FeE5f72,6301,YieldEDU_sem_3
0xf59b8Ce8C05a64126939050e1573F8B38B49d394,6145,YieldEDU_sem_3
0x0Cc66319d129f887Bd1D3fe58E10400ed1025A79,6077,YieldEDU_sem_3
0x9B44E450FCd3DA34f9D0501D843FD145f2E2e5A2,5931,YieldEDU_sem_3
0xAE0a61b3a3f2A09e8322d0a34EF77D4C42F5Ad14,5907,YieldEDU_sem_3
0x0b4C5A2BAD8FC02C4A9A93ADfCC9f717e60971b8,5624,YieldEDU_sem_3
0x193f69b0024132036A160c05894dF483E39Bd0Fa,5343,YieldEDU_sem_3
0xAC93d9f63Ca5f54D0197403f7C64C492545A44D9,5330,YieldEDU_sem_3
0xb3922F8e6B872a28cf9ab048c980F6467e94C3aF,4766,YieldEDU_sem_3
0x83D96020B0766f567AFd2e19b5F62ef6Dd4026D5,4566,YieldEDU_sem_3
0xbCa0CaCe073751f9E0721745681C7137cfbD5892,4566,YieldEDU_sem_3
0xd88E063108c94A38Bc620C66b0B9f3FECb704E6F,4286,YieldEDU_sem_3
0xe38718bd1e7608F6c3Ba8d6e0823f3125Ce2D645,4182,YieldEDU_sem_3
0x73c27251f096C4e558E6522946f1b7eef01F8AaD,4151,YieldEDU_sem_3
0xeCb6ED573bd0064988e9E636E84BbEdeB5c7a01f,3908,YieldEDU_sem_3
0xD7AaD9788313410A5b0B606135BAc3675532516F,3865,YieldEDU_sem_3
0xC6BC5271DccB8b40b52a054c1b9653774A50d213,3854,YieldEDU_sem_3
0x916789ee1F8c522a147dd6A1Aee04165fa824482,3842,YieldEDU_sem_3
0x816D1638EE93692AB586d6E032efF05429e20d76,3827,YieldEDU_sem_3
0xC672B699cBf95AA753798e3ad64D504f980D6e89,3533,YieldEDU_sem_3
0x5DB2BC476a6df625766F31Fd82553bAB531eB527,3507,YieldEDU_sem_3
0x8879aD7BFcd29368e824Eb2A0E6F0ACaf662187C,3053,YieldEDU_sem_3
0x08d8DfaD93332728daB5dD355595332b6c7b02ED,2900,YieldEDU_sem_3
0x76717B477316f1693c121E7fFdc369a887d896bA,2445,YieldEDU_sem_3
0xbd68ACAe9db8DFA8aa07f2A6488CaC14e2B9bEB8,1704,YieldEDU_sem_3
0x1b343cf0b75eEf848Dd9dDDD5872f4247A681Ba3,1633,YieldEDU_sem_3
0x060d18a81D79d241192752e660e6617663271e70,1602,YieldEDU_sem_3
0xd94Bc00092de81d5EDF12E0c1b073a91c44a4d14,1394,YieldEDU_sem_3
0x607C77EAdB523bbDd3249B87697626fa18aB0cac,1164,YieldEDU_sem_3
0xcb9A278Ca4e7c96d29e30e81967dEFa742B5B7dd,1091,YieldEDU_sem_3
0x3462ff5e096E30f69A5B1e9E3C6A3107E8bF2309,986,YieldEDU_sem_3
0x965C69C085cD55a8C74aE3547B5B5ECeAB614E20,936,YieldEDU_sem_3
0x26473a1a24F568c47D19fFEEd2A22A076ede8F2C,904,YieldEDU_sem_3
0x8Cb608394DDDed6CBDFd5463fe29403DD7f69E4f,854,YieldEDU_sem_3
0x285833471023c05707E6c8Da912069f736b3E199,783,YieldEDU_sem_3
0xeeB2FFA13F4eF4381647FE642eBFaD0CC1BBc467,781,YieldEDU_sem_3
0x640f37e18B32712D5463b1b93bDC671446019581,776,YieldEDU_sem_3
0x69f18B432c2156fded1Edc2AF31836CFd4b9014F,749,YieldEDU_sem_3
0x34c2871C3D539C473E40a09158BDff522202E2d5,713,YieldEDU_sem_3
0xc371806277E97e2Eca75a7143Fc48fA418B82754,652,YieldEDU_sem_3
0x596Ee980df65d4481A0d7f793B57433E2Ef8012E,547,YieldEDU_sem_3
0x91307506c22E9F9de822F259E917b6ab3B71BE93,535,YieldEDU_sem_3
0x939e38f9D88A535b7851582672212c7BFfF63742,506,YieldEDU_sem_3
0x2f024B3EcCfE52150E55A147Ff4b3fC8640871B5,502,YieldEDU_sem_3
0xc3a9CD5Aa738694D73411A35f5C31DdF70ee5C27,501,YieldEDU_sem_3
0xfA77E9FECA6CAffd3c326Bddc31F8f19ef6AE632,474,YieldEDU_sem_3
0x9a9bF95c4bbe82705151879FAb44c29a3d126Acf,455,YieldEDU_sem_3
0xCECc9Aa11Fb660efc571c94B3AD0c114C67F7DF8,446,YieldEDU_sem_3
0x52D969222EA2112aAC5A961DF0e67aa4a51C2540,411,YieldEDU_sem_3
0xC1D80aD5C1e661E20708ebFb212a254353dB6EFd,323,YieldEDU_sem_3
0x74498B3DeA8D5F8E4326631A4f5aef5339d48193,298,YieldEDU_sem_3
0xF7dcC97E4158C756345b7202025648d5aC11cdf4,259,YieldEDU_sem_3
0x9f270ecBb2F1291b5F85E4Bd896e69d66CF4092E,259,YieldEDU_sem_3
0x4AD611617a481697C8177655705879A01D1857Eb,253,YieldEDU_sem_3
0x1613Ed73CEcC749C9AC2796E9b5b17dC20FE4eCD,248,YieldEDU_sem_3
0x3C93fa6A2aEf7FD936fEF9E56d8f4c35cc5bB9C6,223,YieldEDU_sem_3
0x555C8eA85605e066B911C6454566Aa9C08BFD013,220,YieldEDU_sem_3
0x19Fd2297fa70876F03E3bB782ff06c80AB4f218d,216,YieldEDU_sem_3
0x7705296e6AbcF93Bb26fFFB6BB7fF6Eb66B630BB,189,YieldEDU_sem_3
0x0cB6C036B411B30a04424a35aa3Ab83602AB4633,184,YieldEDU_sem_3
0x1E1B13C472F417F3C54D2B4665654D04F7b7F511,169,YieldEDU_sem_3
0x34db27d1698BaD02FC2F98D6D5eF245961E37219,160,YieldEDU_sem_3
0xbB8C7d23f04EC19551325592fb8d72819fF4bBC1,134,YieldEDU_sem_3
0x956900132b5EE2282AA65ce4Fa2120Ea533Dc6c9,102,YieldEDU_sem_3
0xa9115F7346803091053D2cCEB2328a21fda595E4,76,YieldEDU_sem_3
0x7d2FB9d8Ae1549a3A61fE4C51e239C0ec09Fb2e0,60,YieldEDU_sem_3
0x05549F20EcAf45e53b205215863D6096364BA565,53,YieldEDU_sem_3
0x246cA19cCb33075e6703B3722CAfBb0de1f0CaA1,49,YieldEDU_sem_3
0xB1CC956A6c6D5B2A695440f2488e80dDCF227d78,41,YieldEDU_sem_3
0xE7a3dE8F8e8F530b597CB512Cc4e0d3f878811cA,36,YieldEDU_sem_3
0x4Aa4A02708B5A191cD9F42D6C3a99385B180610C,36,YieldEDU_sem_3
0xD67Dcd2c1A7b1683b16Cf34F5278123E5c338eF0,34,YieldEDU_sem_3
0x3D691ccfF159EDc6479db9d807C99Dc125b426a4,30,YieldEDU_sem_3
0x0F8287A874A39D1DDF029347Ba5F67aBEa938939,29,YieldEDU_sem_3
0x3A425268663003C3f23c70Ea9cE5730F3eF60F29,25,YieldEDU_sem_3
0xaf544f0de1f7Ff507AE169704b7c69C9E0e208cE,24,YieldEDU_sem_3
0x49D8d8a61A7807a8cC78b42A34FA223014518863,22,YieldEDU_sem_3
0xb98947E664e9AD590b21B4cf37d8b4B3DdA20DC0,20,YieldEDU_sem_3
0x8724289C26E828424cd74195d6E8cB16988213D0,20,YieldEDU_sem_3
0xcCe7539AcEa05788898024D48619DB71D4E4F323,18,YieldEDU_sem_3
0xF0E077B273b74B38aD2a6b755504FC053550507F,16,YieldEDU_sem_3
0x77cFd752BE59AFFb6622bDB09F81b426d1f4a722,16,YieldEDU_sem_3
0x315963E514d6c7d86538607919D02B76b053Df64,12,YieldEDU_sem_3
0x26765734964067c9d3F85b809b424e5CC066301C,9,YieldEDU_sem_3
0xC410781151007033b5F51bFFfe9ecEE945B2ABbA,9,YieldEDU_sem_3
0x23FCE035d55BBf480a02015028ba53dEEa8CfDE7,8,YieldEDU_sem_3
0x9E936B5ADA204776fb25759Ac7FB3dbAEeEE797B,6,YieldEDU_sem_3
0x7f4A06D37440BC42D3705f67feFCFb3dBD16dc64,6,YieldEDU_sem_3
0x461Aa6BF4899627c51982aC6Ecaf46Fe8d732B81,6,YieldEDU_sem_3
0x8D5343670a35A9AE84c1521889EB5a4efc6B4a69,6,YieldEDU_sem_3
0x19CAb071727433d1C1E883A12FF7d8489f7cE009,6,YieldEDU_sem_3
0xA042Bf3F5B027EB6d9dC53c361017b4d447A0f15,6,YieldEDU_sem_3
0xF5f944393ECB9914Aa4827a7356C45336DDEF8B0,5,YieldEDU_sem_3
0x21f8f3fBD459C20Ad8C8ec70de5c9b10C33d08A6,5,YieldEDU_sem_3
0xD03B36A2655fEF505bff5890bA4611F771Fb002C,5,YieldEDU_sem_3
0xdD75e696C7Bc3cE5de0B0B3E19fa8212F28bc89d,5,YieldEDU_sem_3
0x72F7D6CC489a1e69bC31Bd602DE170ba1B47a4F8,5,YieldEDU_sem_3
0x4a85cf471207Bd1811af250bb1b55484b60c9b36,5,YieldEDU_sem_3
0x2378768967476b106437aa345414875Be89De079,4,YieldEDU_sem_3
0x484975421Bd26d55A2a077244B607715f1cb47DD,4,YieldEDU_sem_3
0xC37a684569AfD8dc398eaE80a6e7480eEb5f309d,4,YieldEDU_sem_3
0xd8fC05E1f50A6690bA87bfF5E838fA4739e26529,4,YieldEDU_sem_3
0xa60049E7310CcbA31b8e39595f9B6f1dBf819d27,4,YieldEDU_sem_3
0x2E752DEe7888E7785932E23c4b5D156AFa9d3039,2,YieldEDU_sem_3
0xc2d71F217E448916473B9edFb4b94C06b88c15fa,2,YieldEDU_sem_3
0xcfe5ab09aB09C3593Bd239dA9da6Ed6a1348f94F,2,YieldEDU_sem_3
0x7aD69Fb601f43Af66595Bd3b92F7eD6D29b231eB,2,YieldEDU_sem_3
0x753Df9736be478F0993eC848F067b0C34976CA7D,2,YieldEDU_sem_3
0x10126E9Dae16a4add5B3C6212c25B550420d3BA1,2,YieldEDU_sem_3
0xb553871647894356e696F0C0AbE0453CA469011C,2,YieldEDU_sem_3
0x1e151D757EAF3fa8c266c87B4335F5383aB18338,2,YieldEDU_sem_3
0x93618EABeA3e7317A158C54B16F7Bf2d2F550381,2,YieldEDU_sem_3
0x6933E8bF2E35D8C7f59104Bc072432CAb88A196f,2,YieldEDU_sem_3
0xaC5e76963671117f51218E890fb59d7761890d47,2,YieldEDU_sem_3
0x5B69cdA090EA14a5c2cF7141D210C354EA4C74ee,2,YieldEDU_sem_3
0xa46B29AB54C6d36D92F07a59eDfa638835E092bC,1,YieldEDU_sem_3
0x280d9073b1F896411afeAE2791F4354FF07bd951,1,YieldEDU_sem_3
0xc60d1E886ed0Fa0183D743d4c5D3b434Ec81F379,1,YieldEDU_sem_3
0x5D298ddfbC8229b286FA2062c689b4C1523A20f6,1,YieldEDU_sem_3
0x3D1F0A17CeC779f87A4a9B12327784BF95FD546F,1,YieldEDU_sem_3
0x22D6590Cd8694aFCB64816691ACef66c7d465988,1,YieldEDU_sem_3
0x2011D366F08257Df909616AC4C11cD4f7CF4b77d,1,YieldEDU_sem_3
0x0074b6E57ed8296Ac73bdA2A531cc41Ce46eD910,1,YieldEDU_sem_3
0xadbdd5eaEA53e2bDCA7df58B3631B5f7790C8e10,1,YieldEDU_sem_3
0xBeE96Fbfa28d204aC829DbAf981a5E8c238D989e,1,YieldEDU_sem_3
0xf5C3cb8C6e43B5d08b1fa9ba5720f93019dA50AA,1,YieldEDU_sem_3
0x834aAC2b2Cd9bD116Cf30743c315f888ab07c5a5,1,YieldEDU_sem_3
0x5236ef0D18eE39B6D24d8B544Ff28c583F7C169c,1,YieldEDU_sem_3
0xf3aE2F19CeBEb4F7db6D9593169fC06eCc4fdEB6,1,YieldEDU_sem_3
0xfbc88f023F3Da8e46511B68D3E6bBc38837c60BA,1,YieldEDU_sem_3
0x5820ddeb0abDb976a7Ea1Dbc202B0F5e9194F561,1,YieldEDU_sem_3
